Website,Name,Width,Aspect ratio,Rim size,Pattern,Price
https://www.national.co.uk,Avon Tyres,205,55,16,ZV7,£72.99
https://www.national.co.uk,Goodyear Tyres,205,55,16,EfficientGrip Performance 2,£92.99
https://www.national.co.uk,Bridgestone Tyres,205,55,16,Turanza 6,£98.99
https://www.national.co.uk,Autogreen Tyres,205,55,16,Smart Chaser SC1,£48.99
https://www.national.co.uk,Sailun Tyres,205,55,16,Atrezzo Elite 2,£64.99
https://www.national.co.uk,Nankang Tyres,205,55,16,Nankang Eco-2+,£68.99
https://www.national.co.uk,Avon Tyres,205,55,16,ZV7,£74.99
https://www.national.co.uk,Nankang Tyres,205,55,16,Nankang AS-2+,£76.99
https://www.national.co.uk,Hankook Tyres,205,55,16,Ventus Prime 4 K135,£86.99
https://www.national.co.uk,Avon Tyres,205,55,16,ZV7,£87.99
https://www.national.co.uk,Sailun Tyres,205,55,16,ATREZZO ZSR 2,£87.99
https://www.national.co.uk,Hankook Tyres,205,55,16,Kinergy Eco 2 K435,£92.99
https://www.national.co.uk,Hankook Tyres,205,55,16,Ventus Prime 4 K135,£92.99
https://www.national.co.uk,Hankook Tyres,205,55,16,Kinergy 435 Eco2,£92.99
https://www.national.co.uk,Hankook Tyres,205,55,16,Ventus Prime 4 K135,£95.99
https://www.national.co.uk,Avon Tyres,205,55,16,AS7,£96.99
https://www.national.co.uk,Hankook Tyres,205,55,16,Kinergy 4S2 H750,£99.99
https://www.national.co.uk,Avon Tyres,205,55,16,WX7 Winter,£100.99
https://www.national.co.uk,Hankook Tyres,205,55,16,Kinergy 4S2 H750,£103.99
https://www.national.co.uk,Hankook Tyres,205,55,16,Kinergy 4S2 H750,£103.99
https://www.national.co.uk,Hankook Tyres,205,55,16,Ventus Prime 4 K135,£106.99
https://www.national.co.uk,Hankook Tyres,205,55,16,Ventus Prime 3 K125,£109.99
https://www.national.co.uk,Hankook Tyres,205,55,16,Ventus Prime 3 K125,£115.99
https://www.national.co.uk,Hankook Tyres,205,55,16,Ventus Prime 4 K135,£150.99
https://www.national.co.uk,Hankook Tyres,205,55,16,Hankook iON ST AS,£164.99
https://www.national.co.uk,Dunlop Tyres,205,55,16,SP Sport BluResponse,£81.99
https://www.national.co.uk,Dunlop Tyres,205,55,16,SP Sport BluResponse,£84.99
https://www.national.co.uk,Dunlop Tyres,205,55,16,SP Sport BluResponse,£89.99
https://www.national.co.uk,Goodyear Tyres,205,55,16,EfficientGrip Performance,£94.99
https://www.national.co.uk,Goodyear Tyres,205,55,16,EfficientGrip Performance,£94.99
https://www.national.co.uk,Pirelli Tyres,205,55,16,Cinturato P7,£95.99
https://www.national.co.uk,Goodyear Tyres,205,55,16,EfficientGrip Performance,£95.99
https://www.national.co.uk,Goodyear Tyres,205,55,16,Vector 4Seasons Gen 3,£95.99
https://www.national.co.uk,Dunlop Tyres,205,55,16,SP Sport BluResponse,£95.99
https://www.national.co.uk,Goodyear Tyres,205,55,16,EfficientGrip Performance 2,£97.99
https://www.national.co.uk,Goodyear Tyres,205,55,16,EfficientGrip Performance 2,£97.99
https://www.national.co.uk,Goodyear Tyres,205,55,16,EfficientGrip Performance,£98.99
https://www.national.co.uk,Bridgestone Tyres,205,55,16,Turanza 6,£99.99
https://www.national.co.uk,Bridgestone Tyres,205,55,16,Turanza 6,£100.99
https://www.national.co.uk,Goodyear Tyres,205,55,16,EfficientGrip Performance,£101.99
https://www.national.co.uk,Goodyear Tyres,205,55,16,Vector 4Seasons Gen 3,£102.99
https://www.national.co.uk,Continental Tyres,205,55,16,ContiEcoContact 6,£102.99
https://www.national.co.uk,Continental Tyres,205,55,16,ContiEcoContact 5,£102.99
https://www.national.co.uk,Continental Tyres,205,55,16,ContiEcoContact 5,£102.99
https://www.national.co.uk,Michelin Tyres,205,55,16,Primacy 4,£103.99
https://www.national.co.uk,Continental Tyres,205,55,16,ContiEcoContact 5,£103.99
https://www.national.co.uk,Continental Tyres,205,55,16,ContiEcoContact 5,£103.99
https://www.national.co.uk,Bridgestone Tyres,205,55,16,Turanza T005,£103.99
https://www.national.co.uk,Goodyear Tyres,205,55,16,Vector 4Seasons Gen-2,£103.99
https://www.national.co.uk,Continental Tyres,205,55,16,UltraContact,£104.99
https://www.national.co.uk,Goodyear Tyres,205,55,16,EfficientGrip Performance 2,£105.99
https://www.national.co.uk,Goodyear Tyres,205,55,16,Vector 4Seasons,£105.99
https://www.national.co.uk,Bridgestone Tyres,205,55,16,Turanza ER300,£105.99
https://www.national.co.uk,Continental Tyres,205,55,16,PremiumContact 7,£105.99
https://www.national.co.uk,Continental Tyres,205,55,16,ContiEcoContact 6,£105.99
https://www.national.co.uk,Continental Tyres,205,55,16,PremiumContact 7,£106.99
https://www.national.co.uk,Continental Tyres,205,55,16,All Season Contact 2,£106.99
https://www.national.co.uk,Continental Tyres,205,55,16,ContiPremiumContact 2,£106.99
https://www.national.co.uk,Continental Tyres,205,55,16,ContiEcoContact 6,£106.99
https://www.national.co.uk,Bridgestone Tyres,205,55,16,Turanza ER300A,£106.99
https://www.national.co.uk,Goodyear Tyres,205,55,16,Vector 4Seasons Gen-2,£106.99
https://www.national.co.uk,Goodyear Tyres,205,55,16,EfficientGrip Performance 2,£106.99
https://www.national.co.uk,Continental Tyres,205,55,16,UltraContact,£106.99
https://www.national.co.uk,Dunlop Tyres,205,55,16,Sport Maxx TT,£108.99
https://www.national.co.uk,Pirelli Tyres,205,55,16,Cinturato P7,£109.99
https://www.national.co.uk,Continental Tyres,205,55,16,UltraContact,£110.99
https://www.national.co.uk,Continental Tyres,205,55,16,All Season Contact 2,£110.99
https://www.national.co.uk,Continental Tyres,205,55,16,ContiEcoContact 6,£110.99
https://www.national.co.uk,Michelin Tyres,205,55,16,CrossClimate +,£112.99
https://www.national.co.uk,Bridgestone Tyres,205,55,16,Turanza T005,£113.99
https://www.national.co.uk,Continental Tyres,205,55,16,All Season Contact 2,£113.99
https://www.national.co.uk,Continental Tyres,205,55,16,UltraContact,£113.99
https://www.national.co.uk,Goodyear Tyres,205,55,16,Vector 4Seasons Gen 3,£113.99
https://www.national.co.uk,Continental Tyres,205,55,16,ContiEcoContact 6,£114.99
https://www.national.co.uk,Michelin Tyres,205,55,16,Energy Saver +,£114.99
https://www.national.co.uk,Michelin Tyres,205,55,16,ePrimacy,£115.99
https://www.national.co.uk,Bridgestone Tyres,205,55,16,Turanza 6,£115.99
https://www.national.co.uk,Bridgestone Tyres,205,55,16,Turanza T005,£116.99
https://www.national.co.uk,Dunlop Tyres,205,55,16,Sport Maxx RT,£117.99
https://www.national.co.uk,Pirelli Tyres,205,55,16,Cinturato All Season SF3,£117.99
https://www.national.co.uk,Pirelli Tyres,205,55,16,Cinturato P7,£118.99
https://www.national.co.uk,Continental Tyres,205,55,16,ContiEcoContact 5 SEAL,£119.99
https://www.national.co.uk,Continental Tyres,205,55,16,All Season Contact 2,£119.99
https://www.national.co.uk,Michelin Tyres,205,55,16,ePrimacy,£119.99
https://www.national.co.uk,Michelin Tyres,205,55,16,Michelin ePrimacy S1,£119.99
https://www.national.co.uk,Michelin Tyres,205,55,16,CrossClimate 2,£119.99
https://www.national.co.uk,Continental Tyres,205,55,16,All Season Contact 2,£120.99
https://www.national.co.uk,Goodyear Tyres,205,55,16,Vector 4Seasons Gen-2,£122.99
https://www.national.co.uk,Bridgestone Tyres,205,55,16,Turanza T005 DriveGuard,£123.99
https://www.national.co.uk,Continental Tyres,205,55,16,eContact,£124.99
https://www.national.co.uk,Continental Tyres,205,55,16,ContiEcoContact 6,£124.99
https://www.national.co.uk,Michelin Tyres,205,55,16,CrossClimate 2,£124.99
https://www.national.co.uk,Michelin Tyres,205,55,16,Primacy 4,£127.99
https://www.national.co.uk,Continental Tyres,205,55,16,WinterContact TS870,£128.99
https://www.national.co.uk,Bridgestone Tyres,205,55,16,Turanza T005,£131.99
https://www.national.co.uk,Bridgestone Tyres,205,55,16,Turanza ER300,£132.99
https://www.national.co.uk,Continental Tyres,205,55,16,ContiPremiumContact,£132.99
https://www.national.co.uk,Michelin Tyres,205,55,16,Primacy 3,£132.99
https://www.national.co.uk,Michelin Tyres,205,55,16,Pilot Sport 4,£133.99
https://www.national.co.uk,Michelin Tyres,205,55,16,Primacy 3,£135.99
https://www.national.co.uk,Continental Tyres,205,55,16,ContiEcoContact 6,£138.99
https://www.national.co.uk,Pirelli Tyres,205,55,16,Cinturato C3,£149.99
https://www.national.co.uk,Pirelli Tyres,205,55,16,P Zero Rosso,£172.99
https://www.national.co.uk,Avon Tyres,225,50,16,ZV7,£132.99
https://www.national.co.uk,Goodyear Tyres,225,50,16,EfficientGrip Performance 2,£154.99
https://www.national.co.uk,Hankook Tyres,225,50,16,Ventus Prime 3 K125,£159.99
https://www.national.co.uk,Continental Tyres,225,50,16,PremiumContact 6,£156.99
https://www.national.co.uk,Continental Tyres,225,50,16,UltraContact,£166.99
https://www.national.co.uk,Michelin Tyres,225,50,16,CrossClimate 2,£196.99
https://www.national.co.uk,Michelin Tyres,225,50,16,Pilot Sport 4,£209.99
https://www.blackcircles.com,Kumho,205,55,16,Ecowing ES31,£68.99
https://www.blackcircles.com,Goodyear,205,55,16,EfficientGrip Performance 2,£94.99
https://www.blackcircles.com,Michelin,205,55,16,CrossClimate 3,£97.99
https://www.blackcircles.com,Michelin,205,55,16,Primacy 5,£104.99
https://www.blackcircles.com,iLink,205,55,16,L-Grip 55,£54.73
https://www.blackcircles.com,Tomket,205,55,16,Sport,£55.03
https://www.blackcircles.com,Dynamo,205,55,16,Street-H MH01,£55.44
https://www.blackcircles.com,Nankang,205,55,16,Econex Eco-2+ Green Sport,£62.99
https://www.blackcircles.com,Infinity,205,55,16,Ecosis,£64.96
https://www.blackcircles.com,Toyo,205,55,16,Proxes Comfort,£66.99
https://www.blackcircles.com,Kumho,205,55,16,Ecowing ES31,£68.99
https://www.blackcircles.com,Yokohama,205,55,16,BluEarth ES32,£78.99
https://www.blackcircles.com,Lassa,205,55,16,Revola,£82.99
https://www.blackcircles.com,Dunlop,205,55,16,Sport BluResponse,£82.99
https://www.blackcircles.com,Hankook,205,55,16,Kinergy Eco 2,£84.42
https://www.blackcircles.com,Uniroyal,205,55,16,AllSeasonExpert 2,£87.99
https://www.blackcircles.com,Dunlop,205,55,16,All Season 2,£89.99
https://www.blackcircles.com,Continental,205,55,16,Premium Contact 5,£94.56
https://www.blackcircles.com,Bridgestone,205,55,16,Turanza 6,£94.99
https://www.blackcircles.com,Pirelli,205,55,16,P7 Cinturato,£94.99
https://www.blackcircles.com,Goodyear,205,55,16,EfficientGrip Performance 2,£94.99
https://www.blackcircles.com,Michelin,205,55,16,Primacy 4+,£101.99
https://www.blackcircles.com,Continental,205,55,16,Eco Contact 6,£104.99
https://www.blackcircles.com,Michelin,205,55,16,CrossClimate 2,£123.51
https://www.blackcircles.com,Michelin,225,50,16,Pilot Sport 4,£191.99
https://www.blackcircles.com,Goodyear,225,50,16,EfficientGrip Performance 2,£149.99
https://www.blackcircles.com,Avon,225,50,16,ZV7,£116.99
https://www.blackcircles.com,Michelin,225,50,16,Pilot Exalto PE2,£179.99
https://www.blackcircles.com,Tomket,225,50,16,Sport,£65.60
https://www.blackcircles.com,Accelera,225,50,16,Phi-R,£69.06
https://www.blackcircles.com,Dynamo,225,50,16,Street-H MH01,£70.20
https://www.blackcircles.com,Infinity,225,50,16,Ecomax,£71.38
https://www.blackcircles.com,Nankang,225,50,16,Sportnex NS-20,£82.99
https://www.blackcircles.com,Sumitomo,225,50,16,BC100,£97.69
https://www.blackcircles.com,Kumho,225,50,16,Ecsta HS51,£105.94
https://www.blackcircles.com,Avon,225,50,16,ZV7,£116.99
https://www.blackcircles.com,Falken,225,50,16,Ziex ZE310 Ecorun,£123.50
https://www.blackcircles.com,Uniroyal,225,50,16,RainSport 5,£123.99
https://www.blackcircles.com,Hankook,225,50,16,Ventus Prime 3,£127.25
https://www.blackcircles.com,Continental,225,50,16,Premium Contact 6,£147.99
https://www.blackcircles.com,Goodyear,225,50,16,EfficientGrip Performance 2,£149.99
https://www.blackcircles.com,Continental,225,50,16,Ultra Contact,£157.99
https://www.blackcircles.com,Michelin,225,50,16,CrossClimate 2,£167.99
https://www.blackcircles.com,Michelin,225,50,16,Pilot Exalto PE2,£179.99
https://www.blackcircles.com,Michelin,225,50,16,Pilot Sport 4,£191.99
https://www.blackcircles.com,Yokohama,225,50,16,Advan Neova AD08RS (Designed for Track Days),£199.49
https://www.blackcircles.com,Pirelli,225,50,16,P Zero Rosso,£204.99
https://www.blackcircles.com,Bridgestone,225,50,16,Potenza RE050,£207.44
